{
  "houston-s-peachtree": {"merchant_id": 278258, "name": "Houston's - Peachtree", "city": "Atlanta", "state": "GA", "brand": "Houston's"},
  "houston-s-west-paces": {"merchant_id": 278259, "name": "Houston's - West Paces", "city": "Atlanta", "state": "GA", "brand": "Houston's"},
  "houston-s-bergen-county": {"merchant_id": 278171, "name": "Houston's - Bergen County", "city": "Hackensack", "state": "NJ", "brand": "Houston's"},
  "houston-s-boca-raton": {"merchant_id": 278275, "name": "Houston's - Boca Raton", "city": "Boca Raton", "state": "FL", "brand": "Houston's"},
  "houston-s-saint-charles": {"merchant_id": 278261, "name": "Houston's - Saint Charles", "city": "Chicago", "state": "IL", "brand": "Houston's"},
  "houston-s-north-miami-beach": {"merchant_id": 278271, "name": "Houston's - North Miami Beach", "city": "North Miami Beach", "state": "FL", "brand": "Houston's"},
  "houston-s-pasadena": {"merchant_id": 278270, "name": "Houston's - Pasadena", "city": "Pasadena", "state": "CA", "brand": "Houston's"},
  "houston-s-pompano-beach": {"merchant_id": 278276, "name": "Houston's - Pompano Beach", "city": "Pompano Beach", "state": "FL", "brand": "Houston's"},
  "houston-s-scottsdale": {"merchant_id": 278256, "name": "Houston's - Scottsdale", "city": "Scottsdale", "state": "AZ", "brand": "Houston's"},
  "hillstone-phoenix": {"merchant_id": 278170, "name": "Hillstone - Phoenix", "city": "Phoenix", "state": "AZ", "brand": "Hillstone"},
  "hillstone-bal-harbour": {"merchant_id": 278242, "name": "Hillstone - Bal Harbour", "city": "Bal Harbour", "state": "FL", "brand": "Hillstone"},
  "hillstone-coral-gables": {"merchant_id": 278173, "name": "Hillstone - Coral Gables", "city": "Coral Gables", "state": "FL", "brand": "Hillstone"},
  "hillstone-winter-park": {"merchant_id": 278257, "name": "Hillstone - Winter Park", "city": "Winter Park", "state": "FL", "brand": "Hillstone"},
  "hillstone-denver": {"merchant_id": 278243, "name": "Hillstone - Denver", "city": "Denver", "state": "CO", "brand": "Hillstone"},
  "hillstone-park-cities": {"merchant_id": 278264, "name": "Hillstone - Park Cities", "city": "Dallas", "state": "TX", "brand": "Hillstone"},
  "hillstone-houston": {"merchant_id": 278244, "name": "Hillstone - Houston", "city": "Houston", "state": "TX", "brand": "Hillstone"},
  "hillstone-park-avenue": {"merchant_id": 278278, "name": "Hillstone - Park Avenue", "city": "New York", "state": "NY", "brand": "Hillstone"},
  "hillstone-embarcadero": {"merchant_id": 278172, "name": "Hillstone - San Francisco", "city": "San Francisco", "state": "CA", "brand": "Hillstone"},
  "hillstone-santa-monica": {"merchant_id": 278267, "name": "Hillstone - Santa Monica", "city": "Santa Monica", "state": "CA", "brand": "Hillstone"},
  "r-d-kitchen-newport-beach": {"merchant_id": 278273, "name": "R+D Kitchen - Newport Beach", "city": "Newport Beach", "state": "CA", "brand": "R+D Kitchen"},
  "r-d-kitchen-santa-monica": {"merchant_id": 278268, "name": "R+D Kitchen - Santa Monica", "city": "Santa Monica", "state": "CA", "brand": "R+D Kitchen"},
  "r-d-kitchen-yountville": {"merchant_id": 278254, "name": "R+D Kitchen - Yountville", "city": "Yountville", "state": "CA", "brand": "R+D Kitchen"},
  "honor-bar-highland-park": {"merchant_id": 278262, "name": "Honor Bar - Dallas", "city": "Dallas", "state": "TX", "brand": "Honor Bar"},
  "honor-bar-montecito": {"merchant_id": 278265, "name": "Honor Bar - Montecito", "city": "Santa Barbara", "state": "CA", "brand": "Honor Bar"},
  "honor-bar-palm-beach": {"merchant_id": 279077, "name": "Honor Bar - Palm Beach", "city": "Palm Beach", "state": "FL", "brand": "Honor Bar"},
  "palm-beach-grill": {"merchant_id": 278274, "name": "Palm Beach Grill", "city": "Palm Beach", "state": "FL", "brand": "Palm Beach Grill"},
  "bandera-corona-del-mar": {"merchant_id": 278245, "name": "Bandera - Corona del Mar", "city": "Corona del Mar", "state": "CA", "brand": "Bandera"},
  "south-beverly-grill": {"merchant_id": 278269, "name": "South Beverly Grill", "city": "Beverly Hills", "state": "CA", "brand": "South Beverly Grill"},
  "cherry-creek-grill": {"merchant_id": 278239, "name": "Cherry Creek Grill", "city": "Denver", "state": "CO", "brand": "Cherry Creek Grill"},
  "rutherford-grill": {"merchant_id": 278253, "name": "Rutherford Grill", "city": "Rutherford", "state": "CA", "brand": "Rutherford Grill"},
  "los-altos-grill": {"merchant_id": 278255, "name": "Los Altos Grill", "city": "Los Altos", "state": "CA", "brand": "Los Altos Grill"},
  "east-hampton-grill": {"merchant_id": 278240, "name": "East Hampton Grill", "city": "East Hampton", "state": "NY", "brand": "East Hampton Grill"},
  "white-house-tavern": {"merchant_id": 278266, "name": "White House Tavern", "city": "Aspen", "state": "CO", "brand": "White House Tavern"}
}
